{
  "message": "RandomForest model trained successfully",
  "training_time_seconds": 52.72,
  "accuracy": 0.7230848197099962,
  "classification_report": {
    "0": {
      "precision": 0.9486390532544379,
      "recall": 0.7170801526717557,
      "f1-score": 0.816764595999049,
      "support": 33536.0
    },
    "1": {
      "precision": 0.3031215571061329,
      "recall": 0.7601768281451464,
      "f1-score": 0.4334173492963663,
      "support": 5429.0
    },
    "accuracy": 0.7230848197099962,
    "macro avg": {
      "precision": 0.6258803051802854,
      "recall": 0.738628490408451,
      "f1-score": 0.6250909726477076,
      "support": 38965.0
    },
    "weighted avg": {
      "precision": 0.8586989920048769,
      "recall": 0.7230848197099962,
      "f1-score": 0.7633527596754545,
      "support": 38965.0
    }
  },
  "bar_plot_path": "outputs/rf_77f2cd5572a546de8ea5a6cc7def0b54.png",
  "training_validation_loss_path": "plots\\training_validation_loss_602e445cef2247e392204edeb9a477a9.png",
  "duration": 52.72,
  "log_loss_plot_path": "plots\\log_loss_417aa0601de34d19bb0750134829a00b.png"
}